work_uid,person_uid,company_uid,title,start_date,end_date,is_current
w_0473a524a127,p_8794322a8326,c_f77f317ca7a9,Product Manager,2019-01-01,2021-12-31,FALSE
w_dfd77ee976f8,p_8794322a8326,c_e14064fabe78,Lead Engineer,2021-01-01,2024-12-31,FALSE
w_5f14cff9e4e2,p_8794322a8326,c_c595afccae6e,Co-Founder,2024-01-01,,TRUE
w_a967fffa0720,p_c779024a85af,c_f9aa71046653,Analyst,2012-01-01,2014-12-31,FALSE
w_84cd5f40c85b,p_c779024a85af,c_6957f9536724,Product Manager,2014-01-01,2015-12-31,FALSE
w_460b196bc25f,p_c779024a85af,c_cea873f11936,Principal,2015-01-01,,TRUE
w_8c8b351cd7e0,p_3a391fc0a1d3,c_e3c54c6dc1e4,Senior Associate,2012-01-01,2015-12-31,FALSE
w_63ca9dab20df,p_3a391fc0a1d3,c_3b7dc60613a7,Principal,2015-01-01,2018-12-31,FALSE
w_df27cff0a774,p_3a391fc0a1d3,c_f77f317ca7a9,VP,2018-01-01,,TRUE
w_0d8db248f2e9,p_03487503ee5c,c_6957f9536724,Analyst,2011-01-01,2014-12-31,FALSE
w_b8addabb2541,p_03487503ee5c,c_e743abc65ee9,Product Manager,2014-01-01,,TRUE
w_28389810e527,p_3e8d529bc2fe,c_89c63acce964,Associate,2016-01-01,2017-12-31,FALSE
w_62b63e1ea04e,p_3e8d529bc2fe,c_d2fbafc88386,Senior Associate,2017-01-01,2020-12-31,FALSE
w_4a1dd1ce7031,p_3e8d529bc2fe,c_244ade8326f8,Lead Engineer,2020-01-01,2023-12-31,FALSE
w_b732a26529ae,p_3e8d529bc2fe,c_e14064fabe78,Principal,2023-01-01,,TRUE
w_97489d42f0b3,p_37d5574dba5e,c_f423185de90a,Manager,2015-01-01,2016-12-31,FALSE
w_3ac6b6400faf,p_37d5574dba5e,c_9ee1037a4e0c,Director,2016-01-01,,TRUE
w_278955eeeca1,p_7737289d9564,c_cb2a5c699f56,Analyst,2015-01-01,2016-12-31,FALSE
w_67c8ba1419d6,p_7737289d9564,c_e14064fabe78,Product Manager,2016-01-01,,TRUE
w_1a2f9efc4d42,p_0073ed47a35f,c_bd2d70c6d50a,Manager,2016-01-01,2017-12-31,FALSE
w_7bdbb50f1513,p_0073ed47a35f,c_197c575ec7c7,Lead Engineer,2017-01-01,2018-12-31,FALSE
w_4750c37d20f1,p_0073ed47a35f,c_56fd7bd6af2e,Lead Engineer,2018-01-01,,TRUE
w_0fe91a437d92,p_eadf8cbe23cc,c_56fd7bd6af2e,Senior Associate,2015-01-01,2016-12-31,FALSE
w_115de9be6fdc,p_eadf8cbe23cc,c_aaa9af50a73f,Director,2016-01-01,2017-12-31,FALSE
w_71947199110a,p_eadf8cbe23cc,c_197c575ec7c7,Partner,2017-01-01,2018-12-31,FALSE
w_52e332b202f6,p_eadf8cbe23cc,c_cea873f11936,Founder,2018-01-01,,TRUE
w_a04cb498c591,p_7d690a3e1157,c_3b7dc60613a7,Senior Associate,2010-01-01,2011-12-31,FALSE
w_263a3b4c50c2,p_7d690a3e1157,c_e9f5bb47f7e1,Director,2011-01-01,2012-12-31,FALSE
w_245ed8495a61,p_7d690a3e1157,c_244ade8326f8,Principal,2012-01-01,2013-12-31,FALSE
w_2f8e0872571a,p_7d690a3e1157,c_74d09b684972,Principal,2013-01-01,,TRUE
w_30c63614f9b8,p_48fadcec3e5f,c_9ee1037a4e0c,Associate,2017-01-01,2018-12-31,FALSE
w_b57389ff08ae,p_48fadcec3e5f,c_c595afccae6e,Manager,2018-01-01,2019-12-31,FALSE
w_ef817a56fd2f,p_48fadcec3e5f,c_e743abc65ee9,Manager,2019-01-01,2021-12-31,FALSE
w_cf01744cf790,p_48fadcec3e5f,c_74d09b684972,Product Manager,2021-01-01,,TRUE
w_0ce26cc76148,p_8cd673f6b9b1,c_6bba88fd644d,Research Analyst,2010-01-01,2013-12-31,FALSE
w_7c692a4a25bf,p_8cd673f6b9b1,c_1bd653f78931,Manager,2013-01-01,,TRUE
w_19b9ca8d91a3,p_8639960a2c1c,c_6bba88fd644d,Product Manager,2019-01-01,2022-12-31,FALSE
w_07937bbbfe32,p_8639960a2c1c,c_197c575ec7c7,Lead Engineer,2022-01-01,,TRUE
w_032e3ef84f02,p_8ee440bdf4b1,c_cb2a5c699f56,Research Analyst,2020-01-01,2023-12-31,FALSE
w_df5e21e5966a,p_8ee440bdf4b1,c_244ade8326f8,Product Manager,2023-01-01,,TRUE
w_fa260ff2d7f3,p_f25ed1c66d3e,c_5e6dc1b9a4ab,Manager,2010-01-01,2012-12-31,FALSE
w_605e85fc431f,p_f25ed1c66d3e,c_6bba88fd644d,Lead Engineer,2012-01-01,,TRUE
w_b1ed3c3b357a,p_09a9cd8f7622,c_56fd7bd6af2e,Associate,2013-01-01,2015-12-31,FALSE
w_d86690f850c1,p_09a9cd8f7622,c_e743abc65ee9,Product Manager,2015-01-01,,TRUE
w_dbf616360fc1,p_26fab2eec163,c_c595afccae6e,Associate,2011-01-01,2012-12-31,FALSE
w_c802f4b6577c,p_26fab2eec163,c_e743abc65ee9,Product Manager,2012-01-01,2014-12-31,FALSE
w_296e6b0bc902,p_26fab2eec163,c_aaa9af50a73f,Manager,2014-01-01,,TRUE
w_749ae4b9181d,p_61bbe0ee386b,c_cb2a5c699f56,Product Manager,2017-01-01,2019-12-31,FALSE
w_4fc904cad7c4,p_61bbe0ee386b,c_74d09b684972,Principal,2019-01-01,2020-12-31,FALSE
w_0bfbe3cbc3a2,p_61bbe0ee386b,c_f77f317ca7a9,Director,2020-01-01,2021-12-31,FALSE
w_5aaefab64c3f,p_61bbe0ee386b,c_e3c54c6dc1e4,Lead Engineer,2021-01-01,,TRUE
w_fcbdbdec25bc,p_6e64fcbee16c,c_e743abc65ee9,Research Analyst,2011-01-01,2012-12-31,FALSE
w_dde1466ebe26,p_6e64fcbee16c,c_74d09b684972,Product Manager,2012-01-01,,TRUE
w_db8ec64bcc36,p_2422844a633c,c_e9f5bb47f7e1,Research Analyst,2014-01-01,2016-12-31,FALSE
w_d753996c8d92,p_2422844a633c,c_e14064fabe78,Manager,2016-01-01,,TRUE
w_30fc43d14e28,p_4ac347eecab9,c_cea873f11936,Research Analyst,2012-01-01,2013-12-31,FALSE
w_7c08f7d8cac5,p_4ac347eecab9,c_c595afccae6e,Manager,2013-01-01,2014-12-31,FALSE
w_94ee258a36da,p_4ac347eecab9,c_e3c54c6dc1e4,Senior Associate,2014-01-01,2015-12-31,FALSE
w_02d4fb0c0385,p_4ac347eecab9,c_197c575ec7c7,Manager,2015-01-01,,TRUE
w_f27ed3dc7a30,p_5613e871de57,c_f423185de90a,Associate,2013-01-01,2014-12-31,FALSE
w_ac580705a3c8,p_5613e871de57,c_f77f317ca7a9,Senior Associate,2014-01-01,2016-12-31,FALSE
w_90eb468cf2a9,p_5613e871de57,c_e14064fabe78,Principal,2016-01-01,,TRUE
w_550366e62c0d,p_db6f81318a65,c_cb2a5c699f56,Research Analyst,2016-01-01,2019-12-31,FALSE
w_5efd8c934cb3,p_db6f81318a65,c_cea873f11936,Senior Associate,2019-01-01,2022-12-31,FALSE
w_72d76eb26ba5,p_db6f81318a65,c_9ee1037a4e0c,Senior Associate,2022-01-01,2024-12-31,FALSE
w_6669257b34dd,p_db6f81318a65,c_74d09b684972,Product Manager,2024-01-01,,TRUE
w_8994cf664006,p_3458845bb51f,c_89c63acce964,Research Analyst,2011-01-01,2013-12-31,FALSE
w_cd8a7e1a10da,p_3458845bb51f,c_197c575ec7c7,Product Manager,2013-01-01,2016-12-31,FALSE
w_3bbbc2d4f4f0,p_3458845bb51f,c_f77f317ca7a9,Product Manager,2016-01-01,2017-12-31,FALSE
w_babb391e4eb1,p_3458845bb51f,c_f9aa71046653,Product Manager,2017-01-01,,TRUE
w_1fe50e890849,p_4cb6e3cc8a3d,c_e14064fabe78,Associate,2020-01-01,2022-12-31,FALSE
w_78c90f0fdbc8,p_4cb6e3cc8a3d,c_5e6dc1b9a4ab,Product Manager,2022-01-01,,TRUE
w_1ea367dc2117,p_8482b4b8746a,c_e14064fabe78,Product Manager,2014-01-01,2017-12-31,FALSE
w_8ad88125d68c,p_8482b4b8746a,c_244ade8326f8,Lead Engineer,2017-01-01,2018-12-31,FALSE
w_76d08a1e5e1b,p_8482b4b8746a,c_c595afccae6e,Principal,2018-01-01,,TRUE
w_18a929873bd6,p_97bdbc255e31,c_56fd7bd6af2e,Associate,2013-01-01,2015-12-31,FALSE
w_2f41d2c1686d,p_97bdbc255e31,c_e14064fabe78,Product Manager,2015-01-01,2018-12-31,FALSE
w_ae0edd916762,p_97bdbc255e31,c_e9f5bb47f7e1,Director,2018-01-01,,TRUE
w_9c9db895d0e6,p_08ca80d5f30a,c_e9f5bb47f7e1,Associate,2015-01-01,2016-12-31,FALSE
w_ca96fc1a8f11,p_08ca80d5f30a,c_aaa9af50a73f,Product Manager,2016-01-01,2017-12-31,FALSE
w_abd76bf5f131,p_08ca80d5f30a,c_f77f317ca7a9,Director,2017-01-01,2020-12-31,FALSE
w_b69f44461076,p_08ca80d5f30a,c_74d09b684972,Principal,2020-01-01,,TRUE
w_c23a911b0943,p_5ef103b8e38c,c_6957f9536724,Analyst,2016-01-01,2017-12-31,FALSE
w_da45552c5a8b,p_5ef103b8e38c,c_5e6dc1b9a4ab,Product Manager,2017-01-01,2018-12-31,FALSE
w_2ef43bb2940f,p_5ef103b8e38c,c_197c575ec7c7,Product Manager,2018-01-01,,TRUE
w_98dfabc96a24,p_66bf0d663ed8,c_e14064fabe78,Product Manager,2011-01-01,2013-12-31,FALSE
w_e38cae887006,p_66bf0d663ed8,c_f9aa71046653,Principal,2013-01-01,,TRUE
w_c3832a2b2026,p_6ee0f1501286,c_6957f9536724,Associate,2017-01-01,2018-12-31,FALSE
w_1d9d1c3b2f28,p_6ee0f1501286,c_f423185de90a,Product Manager,2018-01-01,2021-12-31,FALSE
w_933f21889b15,p_6ee0f1501286,c_a740bbf70e93,Director,2021-01-01,2023-12-31,FALSE
w_17a06497830c,p_6ee0f1501286,c_cb2a5c699f56,Co-Founder,2023-01-01,,TRUE
w_3116ec0fa522,p_50c4b68816d4,c_6bba88fd644d,Manager,2014-01-01,2016-12-31,FALSE
w_d674d41e71a8,p_50c4b68816d4,c_aaa9af50a73f,Principal,2016-01-01,,TRUE
w_4928f9d66031,p_585b023f9644,c_74d09b684972,Product Manager,2016-01-01,2018-12-31,FALSE
w_b2fad6f1eb25,p_585b023f9644,c_e9f5bb47f7e1,Lead Engineer,2018-01-01,2021-12-31,FALSE
w_ed8710409011,p_585b023f9644,c_197c575ec7c7,Director,2021-01-01,,TRUE
w_64b6a6ee3528,p_a0eb7c8f60e0,c_e743abc65ee9,Product Manager,2015-01-01,2017-12-31,FALSE
w_ab3dfd485b0e,p_a0eb7c8f60e0,c_c595afccae6e,Lead Engineer,2017-01-01,,TRUE
w_157227044709,p_006da324715f,c_e14064fabe78,Associate,2016-01-01,2018-12-31,FALSE
w_408c8509fdb9,p_006da324715f,c_244ade8326f8,Manager,2018-01-01,2019-12-31,FALSE
w_ace916879789,p_006da324715f,c_c595afccae6e,Lead Engineer,2019-01-01,,TRUE
w_5486cc9f1c72,p_74ac2a7630cf,c_cea873f11936,Manager,2010-01-01,2011-12-31,FALSE
w_50789f638e47,p_74ac2a7630cf,c_74d09b684972,Principal,2011-01-01,2014-12-31,FALSE
w_8c34e48eceaa,p_74ac2a7630cf,c_cb2a5c699f56,Principal,2014-01-01,2016-12-31,FALSE
w_971a9bad1634,p_74ac2a7630cf,c_244ade8326f8,Principal,2016-01-01,,TRUE
w_966226dbbdc8,p_5bdaecc2ef0d,c_74d09b684972,Manager,2011-01-01,2013-12-31,FALSE
w_d3e34b1125b5,p_5bdaecc2ef0d,c_bd2d70c6d50a,Lead Engineer,2013-01-01,2014-12-31,FALSE
w_0b8c1de304ae,p_5bdaecc2ef0d,c_f423185de90a,Partner,2014-01-01,,TRUE
w_ba96a9e8570d,p_df459eb62cd4,c_3b7dc60613a7,Research Analyst,2019-01-01,2020-12-31,FALSE
w_ce04bf90d0c2,p_df459eb62cd4,c_e14064fabe78,Manager,2020-01-01,,TRUE
w_3c965d630875,p_13d118c99987,c_6957f9536724,Analyst,2019-01-01,2022-12-31,FALSE
w_026285312367,p_13d118c99987,c_cea873f11936,Product Manager,2022-01-01,,TRUE
w_d0f5aa453dc6,p_6e8b63e42721,c_89c63acce964,Senior Associate,2016-01-01,2018-12-31,FALSE
w_b6476bc948f8,p_6e8b63e42721,c_a740bbf70e93,Lead Engineer,2018-01-01,2021-12-31,FALSE
w_d5c41b006282,p_6e8b63e42721,c_f423185de90a,CTO,2021-01-01,2022-12-31,FALSE
w_46a18e8f1f75,p_6e8b63e42721,c_5e6dc1b9a4ab,Partner,2022-01-01,,TRUE
w_02b02838826d,p_9439000e3beb,c_f77f317ca7a9,Associate,2016-01-01,2019-12-31,FALSE
w_9c627a1c1c50,p_9439000e3beb,c_197c575ec7c7,Product Manager,2019-01-01,2021-12-31,FALSE
w_5392c13e56d0,p_9439000e3beb,c_3b7dc60613a7,Principal,2021-01-01,2022-12-31,FALSE
w_958116a8a5a1,p_9439000e3beb,c_5e6dc1b9a4ab,CEO,2022-01-01,,TRUE
w_378f14e13bd7,p_9f89a7fe4bb1,c_c595afccae6e,Manager,2014-01-01,2017-12-31,FALSE
w_9d1cc1979327,p_9f89a7fe4bb1,c_9ee1037a4e0c,Principal,2017-01-01,2020-12-31,FALSE
w_dfc5226dee5e,p_9f89a7fe4bb1,c_cb2a5c699f56,Principal,2020-01-01,2022-12-31,FALSE
w_ad2fb675d05f,p_9f89a7fe4bb1,c_e3c54c6dc1e4,Director,2022-01-01,,TRUE
w_2abc94535158,p_b3eb51032f04,c_e9f5bb47f7e1,Senior Associate,2017-01-01,2019-12-31,FALSE
w_6cde1e94ca14,p_b3eb51032f04,c_bd2d70c6d50a,Principal,2019-01-01,,TRUE
w_5e1ccd76acb2,p_bd808db2a626,c_c595afccae6e,Research Analyst,2018-01-01,2019-12-31,FALSE
w_a7e9ac8e6dac,p_bd808db2a626,c_197c575ec7c7,Manager,2019-01-01,,TRUE
w_3eb45c59b6df,p_767348b2f6f3,c_89c63acce964,Product Manager,2011-01-01,2013-12-31,FALSE
w_b1a4e3d65cb3,p_767348b2f6f3,c_f423185de90a,Lead Engineer,2013-01-01,,TRUE
w_6835889b172d,p_8f3f05b88b24,c_89c63acce964,Analyst,2015-01-01,2017-12-31,FALSE
w_ca17051420e8,p_8f3f05b88b24,c_56fd7bd6af2e,Manager,2017-01-01,2020-12-31,FALSE
w_eb8dbcaf87a3,p_8f3f05b88b24,c_cb2a5c699f56,Lead Engineer,2020-01-01,2023-12-31,FALSE
w_7e4b2088cb2d,p_8f3f05b88b24,c_d2fbafc88386,VP,2023-01-01,,TRUE
w_e66b2310b6b8,p_0b1dc65fe4ad,c_c595afccae6e,Associate,2012-01-01,2013-12-31,FALSE
w_8182c890bef8,p_0b1dc65fe4ad,c_9ee1037a4e0c,Manager,2013-01-01,2014-12-31,FALSE
w_e1eed7691b30,p_0b1dc65fe4ad,c_6957f9536724,Director,2014-01-01,2017-12-31,FALSE
w_fd37c8e6b7f5,p_0b1dc65fe4ad,c_f9aa71046653,Co-Founder,2017-01-01,,TRUE
w_76c577898150,p_f8a0087548bd,c_74d09b684972,Analyst,2010-01-01,2013-12-31,FALSE
w_aea666b1ddda,p_f8a0087548bd,c_e743abc65ee9,Product Manager,2013-01-01,2016-12-31,FALSE
w_8bead5eaded8,p_f8a0087548bd,c_d2fbafc88386,Principal,2016-01-01,,TRUE
w_fe879ebe7de5,p_60c850759211,c_74d09b684972,Analyst,2017-01-01,2019-12-31,FALSE
w_f2a288557eee,p_60c850759211,c_cb2a5c699f56,Senior Associate,2019-01-01,2021-12-31,FALSE
w_cb498169b26f,p_60c850759211,c_3b7dc60613a7,Principal,2021-01-01,,TRUE
w_e1d0b848c0ac,p_6814ffc597bd,c_5e6dc1b9a4ab,Research Analyst,2019-01-01,2021-12-31,FALSE
w_215e02804c43,p_6814ffc597bd,c_e743abc65ee9,Product Manager,2021-01-01,,TRUE
w_831a209d7d4d,p_bd95617120c8,c_d2fbafc88386,Product Manager,2017-01-01,2019-12-31,FALSE
w_3604abc39504,p_bd95617120c8,c_9ee1037a4e0c,Lead Engineer,2019-01-01,2021-12-31,FALSE
w_311b4c8c3ed3,p_bd95617120c8,c_1bd653f78931,Director,2021-01-01,,TRUE
w_e6630b95a6db,p_e732c4509807,c_cea873f11936,Research Analyst,2011-01-01,2012-12-31,FALSE
w_1d1f9d7c7a8d,p_e732c4509807,c_f77f317ca7a9,Senior Associate,2012-01-01,2013-12-31,FALSE
w_8a5e7b0a1d95,p_e732c4509807,c_197c575ec7c7,Senior Associate,2013-01-01,2014-12-31,FALSE
w_2c2100e2e652,p_e732c4509807,c_56fd7bd6af2e,Manager,2014-01-01,,TRUE
w_5b2d9c7622ff,p_58b72aabf052,c_e14064fabe78,Manager,2017-01-01,2018-12-31,FALSE
w_32df893afcde,p_58b72aabf052,c_e9f5bb47f7e1,Lead Engineer,2018-01-01,2021-12-31,FALSE
w_a8909495acd1,p_58b72aabf052,c_197c575ec7c7,VP,2021-01-01,2022-12-31,FALSE
w_62566be63acc,p_58b72aabf052,c_5e6dc1b9a4ab,Co-Founder,2022-01-01,,TRUE
w_d9e92d299582,p_dc3c06d56134,c_d2fbafc88386,Senior Associate,2014-01-01,2017-12-31,FALSE
w_98c7be0f9bb2,p_dc3c06d56134,c_56fd7bd6af2e,Lead Engineer,2017-01-01,,TRUE
w_634c6b3e57eb,p_dbd0b85990d0,c_c595afccae6e,Manager,2017-01-01,2019-12-31,FALSE
w_df032fa2b7e7,p_dbd0b85990d0,c_e3c54c6dc1e4,Director,2019-01-01,2020-12-31,FALSE
w_f26b69391565,p_dbd0b85990d0,c_1bd653f78931,Lead Engineer,2020-01-01,2023-12-31,FALSE
w_0c727de13839,p_dbd0b85990d0,c_cb2a5c699f56,Lead Engineer,2023-01-01,,TRUE
w_47bff8f86fc1,p_ecadda1c78d7,c_cb2a5c699f56,Senior Associate,2010-01-01,2011-12-31,FALSE
w_84de12d9c204,p_ecadda1c78d7,c_cea873f11936,Director,2011-01-01,2013-12-31,FALSE
w_b202b254bbb8,p_ecadda1c78d7,c_9ee1037a4e0c,Principal,2013-01-01,2016-12-31,FALSE
w_fd618d4df59b,p_ecadda1c78d7,c_197c575ec7c7,Principal,2016-01-01,,TRUE
w_283fbe484be4,p_eef249feffba,c_d2fbafc88386,Manager,2011-01-01,2012-12-31,FALSE
w_0e7c28a4fb1c,p_eef249feffba,c_e14064fabe78,Principal,2012-01-01,2014-12-31,FALSE
w_138e5f4045bb,p_eef249feffba,c_244ade8326f8,Director,2014-01-01,2016-12-31,FALSE
w_62fe5607f6a7,p_eef249feffba,c_6957f9536724,Principal,2016-01-01,,TRUE
w_1d022398aad3,p_c2310c53d53e,c_197c575ec7c7,Senior Associate,2018-01-01,2019-12-31,FALSE
w_a43dd66ff9e6,p_c2310c53d53e,c_74d09b684972,Lead Engineer,2019-01-01,2022-12-31,FALSE
w_bce5911c2cde,p_c2310c53d53e,c_e9f5bb47f7e1,Principal,2022-01-01,,TRUE
w_14840db4c92f,p_c9eaf02adb00,c_5e6dc1b9a4ab,Manager,2018-01-01,2019-12-31,FALSE
w_4e66baa39a0e,p_c9eaf02adb00,c_f77f317ca7a9,Lead Engineer,2019-01-01,2021-12-31,FALSE
w_651cd4458c9f,p_c9eaf02adb00,c_a740bbf70e93,Director,2021-01-01,,TRUE
w_5d0b4128c4a3,p_ed917a0db416,c_a740bbf70e93,Associate,2011-01-01,2012-12-31,FALSE
w_1a82dc6ab74c,p_ed917a0db416,c_aaa9af50a73f,Product Manager,2012-01-01,2013-12-31,FALSE
w_d88853397ff1,p_ed917a0db416,c_3b7dc60613a7,Product Manager,2013-01-01,,TRUE
w_f6f538573fca,p_3d7d5a137196,c_e9f5bb47f7e1,Manager,2013-01-01,2015-12-31,FALSE
w_a7efbed6cde0,p_3d7d5a137196,c_1bd653f78931,Director,2015-01-01,2018-12-31,FALSE
w_67253c6e71d9,p_3d7d5a137196,c_f9aa71046653,Principal,2018-01-01,,TRUE
w_3eece07e40bd,p_26cf7db2a151,c_9ee1037a4e0c,Senior Associate,2010-01-01,2012-12-31,FALSE
w_54ab5f9c7e5d,p_26cf7db2a151,c_e14064fabe78,Lead Engineer,2012-01-01,2015-12-31,FALSE
w_9f80fb0810eb,p_26cf7db2a151,c_3b7dc60613a7,Founder,2015-01-01,,TRUE
w_5fc1981c5936,p_ee1a0c989b63,c_9ee1037a4e0c,Analyst,2016-01-01,2018-12-31,FALSE
w_af935ff47a7a,p_ee1a0c989b63,c_244ade8326f8,Senior Associate,2018-01-01,2020-12-31,FALSE
w_a41948a2e151,p_ee1a0c989b63,c_f423185de90a,Lead Engineer,2020-01-01,2021-12-31,FALSE
w_26214693efae,p_ee1a0c989b63,c_6957f9536724,Principal,2021-01-01,,TRUE
w_46c9b2edcd84,p_4aa93d3c00b5,c_5e6dc1b9a4ab,Analyst,2010-01-01,2011-12-31,FALSE
w_a9e84d736c1f,p_4aa93d3c00b5,c_56fd7bd6af2e,Product Manager,2011-01-01,2014-12-31,FALSE
w_3a1c4909a992,p_4aa93d3c00b5,c_f9aa71046653,Director,2014-01-01,,TRUE
w_f5a2ca655c99,p_dfe3db44eee8,c_a740bbf70e93,Product Manager,2014-01-01,2016-12-31,FALSE
w_63ef16b6b935,p_dfe3db44eee8,c_6bba88fd644d,Principal,2016-01-01,2019-12-31,FALSE
w_f641b146bcdf,p_dfe3db44eee8,c_e3c54c6dc1e4,Principal,2019-01-01,,TRUE
w_d3cc3dcb3e35,p_a40f42e258b1,c_f423185de90a,Associate,2013-01-01,2016-12-31,FALSE
w_6a904ec2fdc2,p_a40f42e258b1,c_c595afccae6e,Manager,2016-01-01,,TRUE
w_ff4d0af8a3b5,p_327f33b5dddd,c_bd2d70c6d50a,Associate,2014-01-01,2015-12-31,FALSE
w_22dae557d7a5,p_327f33b5dddd,c_197c575ec7c7,Product Manager,2015-01-01,2016-12-31,FALSE
w_dddf9eeb4594,p_327f33b5dddd,c_aaa9af50a73f,Lead Engineer,2016-01-01,2018-12-31,FALSE
w_3e6f04a6fc5c,p_327f33b5dddd,c_f423185de90a,VP,2018-01-01,,TRUE
w_ae11fb911a8b,p_a2af2b23c52f,c_aaa9af50a73f,Senior Associate,2016-01-01,2019-12-31,FALSE
w_72cb00b84965,p_a2af2b23c52f,c_f423185de90a,Principal,2019-01-01,2022-12-31,FALSE
w_6da33a2957a6,p_a2af2b23c52f,c_56fd7bd6af2e,CEO,2022-01-01,2023-12-31,FALSE
w_3bb2d0a4ab50,p_a2af2b23c52f,c_a740bbf70e93,Partner,2023-01-01,,TRUE
w_82d901b18a13,p_9b64b500dabd,c_d2fbafc88386,Product Manager,2011-01-01,2013-12-31,FALSE
w_0227b780e6b9,p_9b64b500dabd,c_a740bbf70e93,Principal,2013-01-01,,TRUE
w_db8c251837b9,p_56eafcb988bb,c_bd2d70c6d50a,Senior Associate,2017-01-01,2018-12-31,FALSE
w_1483cc25f2b1,p_56eafcb988bb,c_9ee1037a4e0c,Director,2018-01-01,2019-12-31,FALSE
w_e0e5edb410fe,p_56eafcb988bb,c_d2fbafc88386,CEO,2019-01-01,,TRUE
w_a75f14e727c6,p_ba4434dffcae,c_1bd653f78931,Research Analyst,2010-01-01,2013-12-31,FALSE
w_a800d33c90ed,p_ba4434dffcae,c_bd2d70c6d50a,Senior Associate,2013-01-01,2016-12-31,FALSE
w_095ef5d7020f,p_ba4434dffcae,c_f423185de90a,Lead Engineer,2016-01-01,2018-12-31,FALSE
w_1ac60075c2c7,p_ba4434dffcae,c_a740bbf70e93,Lead Engineer,2018-01-01,,TRUE
w_aecc842db839,p_aedfef38023e,c_6bba88fd644d,Associate,2017-01-01,2018-12-31,FALSE
w_ac754efe1b6c,p_aedfef38023e,c_d2fbafc88386,Manager,2018-01-01,2021-12-31,FALSE
w_58f05875f941,p_aedfef38023e,c_e3c54c6dc1e4,Director,2021-01-01,,TRUE
w_0cf176219eb9,p_88f41c064d57,c_5e6dc1b9a4ab,Research Analyst,2014-01-01,2015-12-31,FALSE
w_198bf99f1c22,p_88f41c064d57,c_56fd7bd6af2e,Product Manager,2015-01-01,2017-12-31,FALSE
w_f6a43211118b,p_88f41c064d57,c_6bba88fd644d,Lead Engineer,2017-01-01,2019-12-31,FALSE
w_8a18b0781f93,p_88f41c064d57,c_aaa9af50a73f,Founder,2019-01-01,,TRUE
w_0af6f580a093,p_94917714ea5a,c_bd2d70c6d50a,Senior Associate,2010-01-01,2012-12-31,FALSE
w_33524e0829d2,p_94917714ea5a,c_e14064fabe78,Lead Engineer,2012-01-01,2015-12-31,FALSE
w_c3880abb4539,p_94917714ea5a,c_c595afccae6e,Principal,2015-01-01,,TRUE
w_2b23195dbec5,p_cd50051db482,c_f423185de90a,Senior Associate,2010-01-01,2013-12-31,FALSE
w_b37dad87cef3,p_cd50051db482,c_a740bbf70e93,Lead Engineer,2013-01-01,2016-12-31,FALSE
w_f2898d100e5b,p_cd50051db482,c_6bba88fd644d,Co-Founder,2016-01-01,,TRUE
w_e65acc4696ee,p_32b85cb5055d,c_5e6dc1b9a4ab,Analyst,2010-01-01,2012-12-31,FALSE
w_61c571479862,p_32b85cb5055d,c_f423185de90a,Senior Associate,2012-01-01,,TRUE
w_fde76e15796f,p_b9e4027736d8,c_a740bbf70e93,Senior Associate,2019-01-01,2022-12-31,FALSE
w_4b471eb90fc2,p_b9e4027736d8,c_5e6dc1b9a4ab,Principal,2022-01-01,2025-12-31,FALSE
w_f9e9af320178,p_b9e4027736d8,c_3b7dc60613a7,Director,2025-01-01,,TRUE
w_2cfe103487ad,p_e9c4e221cacb,c_e743abc65ee9,Associate,2013-01-01,2015-12-31,FALSE
w_2fd862e2a498,p_e9c4e221cacb,c_a740bbf70e93,Senior Associate,2015-01-01,2016-12-31,FALSE
w_0f285228c2b3,p_e9c4e221cacb,c_bd2d70c6d50a,Director,2016-01-01,,TRUE
w_0efb513fbc5d,p_4608168f2141,c_e3c54c6dc1e4,Analyst,2013-01-01,2016-12-31,FALSE
w_7c84773704a3,p_4608168f2141,c_f423185de90a,Product Manager,2016-01-01,2019-12-31,FALSE
w_7c767f4e80a2,p_4608168f2141,c_aaa9af50a73f,Manager,2019-01-01,2022-12-31,FALSE
w_9f8db40a9324,p_4608168f2141,c_9ee1037a4e0c,Product Manager,2022-01-01,,TRUE
w_031c7df7343b,p_4163bf842ee7,c_aaa9af50a73f,Analyst,2019-01-01,2020-12-31,FALSE
w_84d9bdef053e,p_4163bf842ee7,c_e743abc65ee9,Manager,2020-01-01,,TRUE
w_0180bef759b3,p_4a32574f03e1,c_cb2a5c699f56,Associate,2013-01-01,2016-12-31,FALSE
w_33a6f4bb914c,p_4a32574f03e1,c_74d09b684972,Product Manager,2016-01-01,2018-12-31,FALSE
w_e94cab2a7854,p_4a32574f03e1,c_aaa9af50a73f,Director,2018-01-01,,TRUE
w_0dcc898aa123,p_1332a67f4f89,c_f423185de90a,Product Manager,2018-01-01,2021-12-31,FALSE
w_690965404fda,p_1332a67f4f89,c_1bd653f78931,Lead Engineer,2021-01-01,2022-12-31,FALSE
w_4b326b672c30,p_1332a67f4f89,c_74d09b684972,Co-Founder,2022-01-01,,TRUE
w_4fd915c5e261,p_d9bce4aba819,c_89c63acce964,Senior Associate,2016-01-01,2018-12-31,FALSE
w_c572f5682c27,p_d9bce4aba819,c_56fd7bd6af2e,Lead Engineer,2018-01-01,2021-12-31,FALSE
w_b81d2094ba80,p_d9bce4aba819,c_6bba88fd644d,Director,2021-01-01,,TRUE
w_adf6bf70239e,p_58fe649470e2,c_f9aa71046653,Manager,2015-01-01,2017-12-31,FALSE
w_0dfa36ce8ebb,p_58fe649470e2,c_1bd653f78931,Lead Engineer,2017-01-01,2020-12-31,FALSE
w_d349597414b1,p_58fe649470e2,c_197c575ec7c7,Lead Engineer,2020-01-01,2023-12-31,FALSE
w_78108473a471,p_58fe649470e2,c_5e6dc1b9a4ab,Lead Engineer,2023-01-01,,TRUE
w_9c108e99f476,p_978157d2b063,c_197c575ec7c7,Senior Associate,2016-01-01,2018-12-31,FALSE
w_70b6122ec9aa,p_978157d2b063,c_c595afccae6e,Principal,2018-01-01,,TRUE
w_3e9a8c335837,p_683740b39346,c_6bba88fd644d,Research Analyst,2020-01-01,2022-12-31,FALSE
w_b2bc4b6ed5b4,p_683740b39346,c_197c575ec7c7,Product Manager,2022-01-01,,TRUE
w_8377c0809c5e,p_b58a670812e0,c_e14064fabe78,Associate,2019-01-01,2022-12-31,FALSE
w_ddead3877bd7,p_b58a670812e0,c_5e6dc1b9a4ab,Product Manager,2022-01-01,,TRUE
w_3f7a3cadf52a,p_f7e0b61b0b60,c_aaa9af50a73f,Associate,2014-01-01,2016-12-31,FALSE
w_093d7b6b5f4d,p_f7e0b61b0b60,c_e14064fabe78,Product Manager,2016-01-01,2017-12-31,FALSE
w_ea817fda9150,p_f7e0b61b0b60,c_3b7dc60613a7,Principal,2017-01-01,2020-12-31,FALSE
w_77cae0ddd9bd,p_f7e0b61b0b60,c_f423185de90a,Director,2020-01-01,,TRUE
w_06faa847d4da,p_f22513a56ebf,c_cea873f11936,Associate,2010-01-01,2013-12-31,FALSE
w_ac43b073e0a4,p_f22513a56ebf,c_cb2a5c699f56,Senior Associate,2013-01-01,2016-12-31,FALSE
w_acd82339dff5,p_f22513a56ebf,c_89c63acce964,Manager,2016-01-01,2019-12-31,FALSE
w_02a5b3809b6a,p_f22513a56ebf,c_6957f9536724,Manager,2019-01-01,,TRUE
w_18c2580e8815,p_09556caf0316,c_c595afccae6e,Associate,2021-01-01,2024-12-31,FALSE
w_cd0869ede553,p_09556caf0316,c_f9aa71046653,Senior Associate,2024-01-01,,TRUE
w_dee59bda63d8,p_a3aa0f01ce0e,c_6bba88fd644d,Product Manager,2014-01-01,2017-12-31,FALSE
w_68efd3aecee6,p_a3aa0f01ce0e,c_74d09b684972,Director,2017-01-01,2019-12-31,FALSE
w_4e1531076c2f,p_a3aa0f01ce0e,c_aaa9af50a73f,CEO,2019-01-01,,TRUE
w_c9d32779560e,p_85ca58ecb113,c_e9f5bb47f7e1,Associate,2016-01-01,2018-12-31,FALSE
w_060ec173c948,p_85ca58ecb113,c_6957f9536724,Manager,2018-01-01,2021-12-31,FALSE
w_0ad23521ff8f,p_85ca58ecb113,c_f9aa71046653,Principal,2021-01-01,2023-12-31,FALSE
w_0d1923ca1ce2,p_85ca58ecb113,c_5e6dc1b9a4ab,CEO,2023-01-01,,TRUE
w_e21e9b5584c1,p_9ce37f6b066a,c_f77f317ca7a9,Associate,2014-01-01,2015-12-31,FALSE
w_6289779a83e5,p_9ce37f6b066a,c_e9f5bb47f7e1,Senior Associate,2015-01-01,2016-12-31,FALSE
w_c2e69c6895c0,p_9ce37f6b066a,c_d2fbafc88386,Senior Associate,2016-01-01,2018-12-31,FALSE
w_6e77389239a0,p_9ce37f6b066a,c_6957f9536724,Manager,2018-01-01,,TRUE
w_492ed514b6c8,p_cbbde98d1bea,c_f9aa71046653,Associate,2012-01-01,2014-12-31,FALSE
w_3ba2011a942f,p_cbbde98d1bea,c_e743abc65ee9,Manager,2014-01-01,,TRUE
w_bf9a1d477f98,p_b301ca509b4d,c_197c575ec7c7,Product Manager,2017-01-01,2018-12-31,FALSE
w_bcac7ddc36d0,p_b301ca509b4d,c_9ee1037a4e0c,Lead Engineer,2018-01-01,,TRUE
w_5b8b64b29a6d,p_d153ad82c1d0,c_89c63acce964,Manager,2010-01-01,2012-12-31,FALSE
w_838fd41c8276,p_d153ad82c1d0,c_bd2d70c6d50a,Director,2012-01-01,2013-12-31,FALSE
w_7f097cf2db61,p_d153ad82c1d0,c_6bba88fd644d,Principal,2013-01-01,,TRUE
w_61fd50b41cc3,p_29eb58e914f1,c_f423185de90a,Analyst,2016-01-01,2018-12-31,FALSE
w_207a71f42685,p_29eb58e914f1,c_e3c54c6dc1e4,Product Manager,2018-01-01,,TRUE
w_e8f600c523a1,p_c2efef5039a0,c_f423185de90a,Associate,2015-01-01,2017-12-31,FALSE
w_33ded7b715bc,p_c2efef5039a0,c_5e6dc1b9a4ab,Manager,2017-01-01,,TRUE
w_28402136472a,p_e5d661296227,c_6957f9536724,Product Manager,2020-01-01,2022-12-31,FALSE
w_dd184daf9cd5,p_e5d661296227,c_9ee1037a4e0c,Lead Engineer,2022-01-01,,TRUE
w_05cd37cb3592,p_3d3a3160a57d,c_a740bbf70e93,Product Manager,2017-01-01,2018-12-31,FALSE
w_1d55a06e23e9,p_3d3a3160a57d,c_d2fbafc88386,Director,2018-01-01,,TRUE
w_965ffce8860d,p_fc11c9619453,c_d2fbafc88386,Research Analyst,2017-01-01,2019-12-31,FALSE
w_3de1366fd215,p_fc11c9619453,c_6bba88fd644d,Product Manager,2019-01-01,2020-12-31,FALSE
w_6b6f81879e36,p_fc11c9619453,c_a740bbf70e93,Lead Engineer,2020-01-01,,TRUE
w_b93ccec10c34,p_cef2c5f3ba4c,c_1bd653f78931,Associate,2010-01-01,2012-12-31,FALSE
w_e0a7ca649197,p_cef2c5f3ba4c,c_3b7dc60613a7,Manager,2012-01-01,2015-12-31,FALSE
w_722a10105195,p_cef2c5f3ba4c,c_f9aa71046653,Principal,2015-01-01,2018-12-31,FALSE
w_5c9491214ac0,p_cef2c5f3ba4c,c_aaa9af50a73f,CEO,2018-01-01,,TRUE
w_d2fa25de8434,p_cdefdf286de3,c_f9aa71046653,Senior Associate,2013-01-01,2016-12-31,FALSE
w_a575b4d1044f,p_cdefdf286de3,c_1bd653f78931,Principal,2016-01-01,,TRUE
w_2a8f2314adde,p_1d0b9f179661,c_6bba88fd644d,Research Analyst,2019-01-01,2020-12-31,FALSE
w_5aa6bd526ebf,p_1d0b9f179661,c_e3c54c6dc1e4,Senior Associate,2020-01-01,2023-12-31,FALSE
w_d61f22983451,p_1d0b9f179661,c_5e6dc1b9a4ab,Principal,2023-01-01,,TRUE
w_32d9a82596e9,p_b50004e5b83f,c_d2fbafc88386,Research Analyst,2019-01-01,2022-12-31,FALSE
w_407e83477bb3,p_b50004e5b83f,c_a740bbf70e93,Senior Associate,2022-01-01,,TRUE
w_3f260ef131d4,p_7ed7fe5396d5,c_6bba88fd644d,Senior Associate,2016-01-01,2019-12-31,FALSE
w_6f188e7d3caa,p_7ed7fe5396d5,c_a740bbf70e93,Director,2019-01-01,2021-12-31,FALSE
w_4e09020d5699,p_7ed7fe5396d5,c_e14064fabe78,Co-Founder,2021-01-01,2022-12-31,FALSE
w_460bf51e0ee3,p_7ed7fe5396d5,c_197c575ec7c7,Co-Founder,2022-01-01,,TRUE
w_8f98dad7e4ae,p_ff5c54e7e87c,c_d2fbafc88386,Research Analyst,2013-01-01,2014-12-31,FALSE
w_ddd4f09e5798,p_ff5c54e7e87c,c_5e6dc1b9a4ab,Product Manager,2014-01-01,2015-12-31,FALSE
w_72d4f96cf111,p_ff5c54e7e87c,c_f9aa71046653,Manager,2015-01-01,,TRUE
w_fd10312318de,p_e051adc6b17b,c_cea873f11936,Senior Associate,2012-01-01,2013-12-31,FALSE
w_9e52ab886860,p_e051adc6b17b,c_c595afccae6e,Principal,2013-01-01,2014-12-31,FALSE
w_7c73726a05e6,p_e051adc6b17b,c_56fd7bd6af2e,CEO,2014-01-01,,TRUE
w_f25e10ae324c,p_f7203e9ff6c6,c_3b7dc60613a7,Research Analyst,2017-01-01,2018-12-31,FALSE
w_c4695df8072b,p_f7203e9ff6c6,c_e9f5bb47f7e1,Senior Associate,2018-01-01,2021-12-31,FALSE
w_36d7ab0738f9,p_f7203e9ff6c6,c_bd2d70c6d50a,Principal,2021-01-01,,TRUE
w_9ff914623aa2,p_efb967b49d7d,c_74d09b684972,Analyst,2016-01-01,2017-12-31,FALSE
w_7a00b11847d6,p_efb967b49d7d,c_a740bbf70e93,Product Manager,2017-01-01,2018-12-31,FALSE
w_fa5f6d9d133b,p_efb967b49d7d,c_3b7dc60613a7,Lead Engineer,2018-01-01,2021-12-31,FALSE
w_2078b7804492,p_efb967b49d7d,c_bd2d70c6d50a,Partner,2021-01-01,,TRUE
w_cf306a48859b,p_f51351911f72,c_f423185de90a,Associate,2017-01-01,2020-12-31,FALSE
w_2ef6d0d8394b,p_f51351911f72,c_56fd7bd6af2e,Manager,2020-01-01,2021-12-31,FALSE
w_d93404fbbbb2,p_f51351911f72,c_bd2d70c6d50a,Senior Associate,2021-01-01,,TRUE
w_05fd78db02a9,p_30d1deecf943,c_5e6dc1b9a4ab,Analyst,2011-01-01,2013-12-31,FALSE
w_1f4443410e18,p_30d1deecf943,c_89c63acce964,Manager,2013-01-01,2014-12-31,FALSE
w_92a7dd306013,p_30d1deecf943,c_a740bbf70e93,Director,2014-01-01,,TRUE
w_fae1cda1cdc8,p_e4c61f37f204,c_cb2a5c699f56,Research Analyst,2017-01-01,2019-12-31,FALSE
w_604cb38dd322,p_e4c61f37f204,c_e9f5bb47f7e1,Product Manager,2019-01-01,2022-12-31,FALSE
w_0197e6765792,p_e4c61f37f204,c_aaa9af50a73f,Senior Associate,2022-01-01,2023-12-31,FALSE
w_2b4cde6ebb36,p_e4c61f37f204,c_e743abc65ee9,Manager,2023-01-01,,TRUE
w_f5a1abab61bd,p_09e53af81e8b,c_56fd7bd6af2e,Senior Associate,2010-01-01,2011-12-31,FALSE
w_dfa23b6cd0cd,p_09e53af81e8b,c_6bba88fd644d,Lead Engineer,2011-01-01,,TRUE
w_783a1f4280e3,p_e96b10054f0c,c_1bd653f78931,Analyst,2013-01-01,2016-12-31,FALSE
w_ef39dc333056,p_e96b10054f0c,c_bd2d70c6d50a,Product Manager,2016-01-01,2017-12-31,FALSE
w_648a6dea37a3,p_e96b10054f0c,c_f423185de90a,Product Manager,2017-01-01,2019-12-31,FALSE
w_46021ce4f6c1,p_e96b10054f0c,c_9ee1037a4e0c,Manager,2019-01-01,,TRUE
w_eebf5bdd8c24,p_ddac3959941d,c_bd2d70c6d50a,Manager,2010-01-01,2012-12-31,FALSE
w_a1d99d025c1b,p_ddac3959941d,c_cb2a5c699f56,Principal,2012-01-01,2014-12-31,FALSE
w_3df43bbeb975,p_ddac3959941d,c_c595afccae6e,Director,2014-01-01,2015-12-31,FALSE
w_250a470f6820,p_ddac3959941d,c_f77f317ca7a9,Lead Engineer,2015-01-01,,TRUE
w_fefe3e5cfc5d,p_12846ec3f4ef,c_6957f9536724,Research Analyst,2015-01-01,2018-12-31,FALSE
w_e80fedabb824,p_12846ec3f4ef,c_e14064fabe78,Senior Associate,2018-01-01,,TRUE
w_669460419e7e,p_50d207fb6f83,c_74d09b684972,Research Analyst,2017-01-01,2018-12-31,FALSE
w_6fb21bba62fd,p_50d207fb6f83,c_e3c54c6dc1e4,Senior Associate,2018-01-01,2020-12-31,FALSE
w_5b34fdb3fe17,p_50d207fb6f83,c_d2fbafc88386,Principal,2020-01-01,2021-12-31,FALSE
w_8283e68f2041,p_50d207fb6f83,c_f9aa71046653,Director,2021-01-01,,TRUE
w_e948f7ec38c7,p_5a725c857f74,c_bd2d70c6d50a,Research Analyst,2020-01-01,2022-12-31,FALSE
w_b3e923a10936,p_5a725c857f74,c_197c575ec7c7,Senior Associate,2022-01-01,,TRUE
w_2583f371e25a,p_c7601d76ebf1,c_c595afccae6e,Research Analyst,2017-01-01,2019-12-31,FALSE
w_5b2ae0d0bc93,p_c7601d76ebf1,c_197c575ec7c7,Manager,2019-01-01,2022-12-31,FALSE
w_9cdedcee9d4a,p_c7601d76ebf1,c_6bba88fd644d,Product Manager,2022-01-01,,TRUE
w_dacb9f4c4d19,p_2d2609e29f2c,c_56fd7bd6af2e,Associate,2015-01-01,2018-12-31,FALSE
w_146338454db5,p_2d2609e29f2c,c_1bd653f78931,Manager,2018-01-01,,TRUE
w_bbf67506d7ed,p_3e073ee9e5fe,c_cb2a5c699f56,Manager,2021-01-01,2023-12-31,FALSE
w_7fede33edc0a,p_3e073ee9e5fe,c_a740bbf70e93,Lead Engineer,2023-01-01,,TRUE
w_257c23552088,p_ae1bb48c2a2d,c_74d09b684972,Senior Associate,2012-01-01,2013-12-31,FALSE
w_b6c24820289b,p_ae1bb48c2a2d,c_aaa9af50a73f,Principal,2013-01-01,2014-12-31,FALSE
w_621c784aa4ed,p_ae1bb48c2a2d,c_6bba88fd644d,Principal,2014-01-01,2017-12-31,FALSE
w_7e716357a357,p_ae1bb48c2a2d,c_f423185de90a,Lead Engineer,2017-01-01,,TRUE
w_8fe63261dad2,p_0cd23acd4b13,c_f9aa71046653,Research Analyst,2015-01-01,2017-12-31,FALSE
w_753f3371c093,p_0cd23acd4b13,c_bd2d70c6d50a,Senior Associate,2017-01-01,2018-12-31,FALSE
w_9b464faf700c,p_0cd23acd4b13,c_244ade8326f8,Director,2018-01-01,,TRUE
w_e17bc5a48da7,p_aeb9f66bd084,c_6957f9536724,Analyst,2018-01-01,2020-12-31,FALSE
w_9ec10a5d328a,p_aeb9f66bd084,c_cb2a5c699f56,Product Manager,2020-01-01,2023-12-31,FALSE
w_59396ee4cdc2,p_aeb9f66bd084,c_89c63acce964,Principal,2023-01-01,,TRUE
w_bff8b4d21838,p_075f1338a592,c_6bba88fd644d,Product Manager,2011-01-01,2013-12-31,FALSE
w_1875e5465521,p_075f1338a592,c_e14064fabe78,Principal,2013-01-01,,TRUE
w_bf2b91159665,p_44028726d41d,c_bd2d70c6d50a,Analyst,2021-01-01,2024-12-31,FALSE
w_785bbdbb6576,p_44028726d41d,c_f9aa71046653,Manager,2024-01-01,,TRUE
w_0e8a0a010344,p_04dff2314f3a,c_56fd7bd6af2e,Research Analyst,2015-01-01,2018-12-31,FALSE
w_8d0d9156c751,p_04dff2314f3a,c_e743abc65ee9,Manager,2018-01-01,,TRUE
w_f5800a611a3b,p_90349090c780,c_aaa9af50a73f,Associate,2017-01-01,2020-12-31,FALSE
w_4ab2aef54cc5,p_90349090c780,c_e3c54c6dc1e4,Product Manager,2020-01-01,2022-12-31,FALSE
w_eaff899c3e14,p_90349090c780,c_a740bbf70e93,Product Manager,2022-01-01,2024-12-31,FALSE
w_4693c575c980,p_90349090c780,c_6bba88fd644d,Senior Associate,2024-01-01,,TRUE
w_6c3d10b35168,p_2cad43af92f3,c_d2fbafc88386,Analyst,2018-01-01,2019-12-31,FALSE
w_852b51544e32,p_2cad43af92f3,c_cea873f11936,Senior Associate,2019-01-01,2020-12-31,FALSE
w_8b5ca66889e8,p_2cad43af92f3,c_e3c54c6dc1e4,Lead Engineer,2020-01-01,,TRUE
w_9a21b1961a2d,p_0385864ef4df,c_a740bbf70e93,Research Analyst,2020-01-01,2023-12-31,FALSE
w_68fa55a27fa6,p_0385864ef4df,c_d2fbafc88386,Manager,2023-01-01,,TRUE
w_119508250e78,p_c4784b8ea913,c_e3c54c6dc1e4,Manager,2012-01-01,2013-12-31,FALSE
w_07b0c21c2423,p_c4784b8ea913,c_9ee1037a4e0c,Lead Engineer,2013-01-01,2016-12-31,FALSE
w_d4df8339baa2,p_c4784b8ea913,c_74d09b684972,CTO,2016-01-01,2019-12-31,FALSE
w_1b980f29e042,p_c4784b8ea913,c_f77f317ca7a9,Co-Founder,2019-01-01,,TRUE
w_04c81a97b706,p_865b45cbcfc4,c_3b7dc60613a7,Associate,2010-01-01,2012-12-31,FALSE
w_25769e87a58c,p_865b45cbcfc4,c_f423185de90a,Manager,2012-01-01,2015-12-31,FALSE
w_73b3d22fcaa3,p_865b45cbcfc4,c_e14064fabe78,Lead Engineer,2015-01-01,2018-12-31,FALSE
w_67f74a3f8695,p_865b45cbcfc4,c_244ade8326f8,Partner,2018-01-01,,TRUE
w_7d71ba1444c3,p_db1acd60509d,c_e3c54c6dc1e4,Associate,2017-01-01,2018-12-31,FALSE
w_7bbd58ae6464,p_db1acd60509d,c_89c63acce964,Manager,2018-01-01,2020-12-31,FALSE
w_c49887d34c2d,p_db1acd60509d,c_c595afccae6e,Principal,2020-01-01,,TRUE
w_d2be1785918c,p_d3365a5aff2e,c_f423185de90a,Manager,2017-01-01,2018-12-31,FALSE
w_baf92fdd39c4,p_d3365a5aff2e,c_aaa9af50a73f,Principal,2018-01-01,,TRUE
w_7bf696f9ea97,p_387b249dcdfe,c_e9f5bb47f7e1,Associate,2015-01-01,2018-12-31,FALSE
w_b91590fbe983,p_387b249dcdfe,c_6957f9536724,Product Manager,2018-01-01,,TRUE
w_5885bdaa2ecc,p_f8b9685d3811,c_f423185de90a,Manager,2010-01-01,2011-12-31,FALSE
w_ae8313a91edd,p_f8b9685d3811,c_e9f5bb47f7e1,Director,2011-01-01,2013-12-31,FALSE
w_407d87199968,p_f8b9685d3811,c_9ee1037a4e0c,Principal,2013-01-01,,TRUE
w_4a001e66f05e,p_47080004c57c,c_6957f9536724,Analyst,2010-01-01,2011-12-31,FALSE
w_d2b1e1c3ddaa,p_47080004c57c,c_244ade8326f8,Product Manager,2011-01-01,2013-12-31,FALSE
w_11e32be2e3d8,p_47080004c57c,c_bd2d70c6d50a,Lead Engineer,2013-01-01,2014-12-31,FALSE
w_0dab7b0579aa,p_47080004c57c,c_74d09b684972,VP,2014-01-01,,TRUE
w_bb0df503a35f,p_174f981c7c73,c_e14064fabe78,Manager,2018-01-01,2020-12-31,FALSE
w_323cbe6f384d,p_174f981c7c73,c_1bd653f78931,Principal,2020-01-01,2023-12-31,FALSE
w_82b2dad252d4,p_174f981c7c73,c_5e6dc1b9a4ab,Co-Founder,2023-01-01,,TRUE
w_ae5fd3974613,p_032438a65824,c_74d09b684972,Senior Associate,2019-01-01,2022-12-31,FALSE
w_708a50ac8e84,p_032438a65824,c_aaa9af50a73f,Principal,2022-01-01,,TRUE
w_5aaef823b7c9,p_5af93cdb3ca9,c_1bd653f78931,Product Manager,2012-01-01,2014-12-31,FALSE
w_d0f495b8c433,p_5af93cdb3ca9,c_c595afccae6e,Lead Engineer,2014-01-01,2017-12-31,FALSE
w_d3143094e428,p_5af93cdb3ca9,c_d2fbafc88386,Lead Engineer,2017-01-01,2019-12-31,FALSE
w_0025f9f6353e,p_5af93cdb3ca9,c_9ee1037a4e0c,Principal,2019-01-01,,TRUE
w_dde8809b2362,p_1fa21a1d3825,c_197c575ec7c7,Research Analyst,2015-01-01,2017-12-31,FALSE
w_173009a4bf4a,p_1fa21a1d3825,c_9ee1037a4e0c,Product Manager,2017-01-01,,TRUE
w_5d8c7c476392,p_1fff5ddc7a9a,c_f9aa71046653,Analyst,2013-01-01,2016-12-31,FALSE
w_4d9268f6a3df,p_1fff5ddc7a9a,c_a740bbf70e93,Product Manager,2016-01-01,2017-12-31,FALSE
w_8af414c7a9a7,p_1fff5ddc7a9a,c_c595afccae6e,Director,2017-01-01,2020-12-31,FALSE
w_1cece571cfcf,p_1fff5ddc7a9a,c_1bd653f78931,Director,2020-01-01,,TRUE
w_69bb4e49eb01,p_71789c23ac54,c_197c575ec7c7,Associate,2017-01-01,2019-12-31,FALSE
w_193c24f5c308,p_71789c23ac54,c_89c63acce964,Product Manager,2019-01-01,,TRUE
w_3c747fbe8e69,p_b29e56fa6150,c_f9aa71046653,Product Manager,2012-01-01,2015-12-31,FALSE
w_bd9635e83f82,p_b29e56fa6150,c_244ade8326f8,Principal,2015-01-01,2016-12-31,FALSE
w_57033ae6d5fa,p_b29e56fa6150,c_e3c54c6dc1e4,Lead Engineer,2016-01-01,2019-12-31,FALSE
w_5691ab28a16f,p_b29e56fa6150,c_cea873f11936,Principal,2019-01-01,,TRUE
w_97879823cfb4,p_1295b53315b5,c_d2fbafc88386,Research Analyst,2014-01-01,2017-12-31,FALSE
w_35616711434e,p_1295b53315b5,c_6957f9536724,Manager,2017-01-01,,TRUE
w_d6a2beb58073,p_a6264bcbc293,c_9ee1037a4e0c,Associate,2018-01-01,2021-12-31,FALSE
w_fd2cc140cd6d,p_a6264bcbc293,c_e14064fabe78,Senior Associate,2021-01-01,2023-12-31,FALSE
w_6d33a46917d8,p_a6264bcbc293,c_e743abc65ee9,Manager,2023-01-01,,TRUE
w_d39cad567400,p_2862cb599530,c_e9f5bb47f7e1,Manager,2011-01-01,2013-12-31,FALSE
w_a14ef684ff89,p_2862cb599530,c_e743abc65ee9,Director,2013-01-01,2015-12-31,FALSE
w_1f3c1ab7ab1a,p_2862cb599530,c_cb2a5c699f56,Lead Engineer,2015-01-01,2018-12-31,FALSE
w_66a7925b3d38,p_2862cb599530,c_89c63acce964,Lead Engineer,2018-01-01,,TRUE
w_9ba1b0dc5448,p_71214096a97e,c_74d09b684972,Associate,2020-01-01,2023-12-31,FALSE
w_10a371396132,p_71214096a97e,c_5e6dc1b9a4ab,Product Manager,2023-01-01,,TRUE
w_f40c9a35cecc,p_2d47edf75008,c_3b7dc60613a7,Senior Associate,2018-01-01,2019-12-31,FALSE
w_05ace0bba680,p_2d47edf75008,c_a740bbf70e93,Principal,2019-01-01,,TRUE
w_112349661501,p_6b01ee90509a,c_197c575ec7c7,Analyst,2013-01-01,2016-12-31,FALSE
w_c165f9f000bf,p_6b01ee90509a,c_cea873f11936,Product Manager,2016-01-01,2019-12-31,FALSE
w_8b24d87bec20,p_6b01ee90509a,c_74d09b684972,Principal,2019-01-01,2022-12-31,FALSE
w_d0b820a6efd3,p_6b01ee90509a,c_244ade8326f8,Director,2022-01-01,,TRUE
w_e70792166d89,p_7feabe242149,c_f9aa71046653,Manager,2011-01-01,2013-12-31,FALSE
w_ccd5c4dcec82,p_7feabe242149,c_3b7dc60613a7,Director,2013-01-01,2015-12-31,FALSE
w_ad23c2ff2df9,p_7feabe242149,c_aaa9af50a73f,Co-Founder,2015-01-01,2017-12-31,FALSE
w_4d6d1c3670d4,p_7feabe242149,c_56fd7bd6af2e,VP,2017-01-01,,TRUE
w_ce025de31aa7,p_f17b9b90e6f8,c_e14064fabe78,Manager,2021-01-01,2023-12-31,FALSE
w_d3370fec66f9,p_f17b9b90e6f8,c_6957f9536724,Lead Engineer,2023-01-01,,TRUE
w_9c1bdefa7973,p_a3c031249990,c_aaa9af50a73f,Analyst,2011-01-01,2013-12-31,FALSE
w_b3b820efa431,p_a3c031249990,c_3b7dc60613a7,Senior Associate,2013-01-01,2016-12-31,FALSE
w_fef7086b02c0,p_a3c031249990,c_e3c54c6dc1e4,Principal,2016-01-01,,TRUE
w_51d1e4bde189,p_c4f085c92c34,c_cb2a5c699f56,Analyst,2014-01-01,2017-12-31,FALSE
w_e88ee39d5ea9,p_c4f085c92c34,c_a740bbf70e93,Manager,2017-01-01,2020-12-31,FALSE
w_d54e941ba55f,p_c4f085c92c34,c_bd2d70c6d50a,Product Manager,2020-01-01,,TRUE
w_340f12c0acba,p_3d2171c1aa57,c_89c63acce964,Associate,2016-01-01,2019-12-31,FALSE
w_db324527165e,p_3d2171c1aa57,c_5e6dc1b9a4ab,Senior Associate,2019-01-01,,TRUE
w_113ac24b58ec,p_994f50f080f0,c_bd2d70c6d50a,Product Manager,2017-01-01,2018-12-31,FALSE
w_3aed5341d1f7,p_994f50f080f0,c_197c575ec7c7,Principal,2018-01-01,,TRUE
w_82e6a1fffc81,p_dbeaa5fe1905,c_6bba88fd644d,Research Analyst,2011-01-01,2014-12-31,FALSE
w_ae3a7d71476c,p_dbeaa5fe1905,c_9ee1037a4e0c,Manager,2014-01-01,2016-12-31,FALSE
w_1b8ec58c645d,p_dbeaa5fe1905,c_5e6dc1b9a4ab,Lead Engineer,2016-01-01,2019-12-31,FALSE
w_a8383b49eee4,p_dbeaa5fe1905,c_74d09b684972,CTO,2019-01-01,,TRUE
w_1970ff93abe5,p_df531f76d7f9,c_3b7dc60613a7,Senior Associate,2017-01-01,2018-12-31,FALSE
w_f7fade4c5e85,p_df531f76d7f9,c_6bba88fd644d,Director,2018-01-01,2021-12-31,FALSE
w_01fb3a27a3bc,p_df531f76d7f9,c_f9aa71046653,CTO,2021-01-01,2022-12-31,FALSE
w_2f2c9a8d6de8,p_df531f76d7f9,c_56fd7bd6af2e,Founder,2022-01-01,,TRUE
w_63ca6afedf3f,p_3952ddee8a55,c_f77f317ca7a9,Analyst,2014-01-01,2017-12-31,FALSE
w_beefee922021,p_3952ddee8a55,c_c595afccae6e,Manager,2017-01-01,2018-12-31,FALSE
w_f7e2890b4ffb,p_3952ddee8a55,c_e9f5bb47f7e1,Principal,2018-01-01,,TRUE
w_bd5653c89d01,p_2f56dac9cf49,c_197c575ec7c7,Research Analyst,2011-01-01,2013-12-31,FALSE
w_b0e8bfaa6707,p_2f56dac9cf49,c_cea873f11936,Product Manager,2013-01-01,,TRUE
w_b32f3ac74283,p_f153df88dee1,c_aaa9af50a73f,Manager,2016-01-01,2018-12-31,FALSE
w_dd678a11c74c,p_f153df88dee1,c_a740bbf70e93,Lead Engineer,2018-01-01,2019-12-31,FALSE
w_f6380059ab84,p_f153df88dee1,c_bd2d70c6d50a,Founder,2019-01-01,,TRUE
w_b5592ea37cc7,p_0890dd929f09,c_197c575ec7c7,Manager,2010-01-01,2012-12-31,FALSE
w_e5c5ba1b6d74,p_0890dd929f09,c_e743abc65ee9,Director,2012-01-01,,TRUE
w_203e6bc3cf45,p_b9db21dfc7f4,c_1bd653f78931,Manager,2013-01-01,2016-12-31,FALSE
w_915db0719a0c,p_b9db21dfc7f4,c_6957f9536724,Director,2016-01-01,2017-12-31,FALSE
w_aaf8cc067f44,p_b9db21dfc7f4,c_f77f317ca7a9,Director,2017-01-01,,TRUE
w_7d067de57e58,p_eb8de40ece6b,c_f423185de90a,Manager,2010-01-01,2011-12-31,FALSE
w_c61fd34be161,p_eb8de40ece6b,c_e743abc65ee9,Lead Engineer,2011-01-01,2014-12-31,FALSE
w_95121e595401,p_eb8de40ece6b,c_e9f5bb47f7e1,Principal,2014-01-01,2015-12-31,FALSE
w_0414fac45cf7,p_eb8de40ece6b,c_6957f9536724,Director,2015-01-01,,TRUE
w_8ae5051c6596,p_9755364ebc65,c_f423185de90a,Product Manager,2015-01-01,2016-12-31,FALSE
w_898d76cf753e,p_9755364ebc65,c_197c575ec7c7,Lead Engineer,2016-01-01,2018-12-31,FALSE
w_6b7790a76ad0,p_9755364ebc65,c_d2fbafc88386,CEO,2018-01-01,2019-12-31,FALSE
w_f4b47e073216,p_9755364ebc65,c_cb2a5c699f56,VP,2019-01-01,,TRUE
w_8c53b91f3856,p_7e536688f2fa,c_197c575ec7c7,Manager,2016-01-01,2019-12-31,FALSE
w_e4a909eaa790,p_7e536688f2fa,c_aaa9af50a73f,Lead Engineer,2019-01-01,2021-12-31,FALSE
w_fe42faabd88a,p_7e536688f2fa,c_d2fbafc88386,Principal,2021-01-01,,TRUE
w_009ee47ad738,p_7de6e517a35b,c_e743abc65ee9,Senior Associate,2012-01-01,2014-12-31,FALSE
w_02b58c4a823c,p_7de6e517a35b,c_f9aa71046653,Director,2014-01-01,2015-12-31,FALSE
w_62420470b036,p_7de6e517a35b,c_aaa9af50a73f,Principal,2015-01-01,2018-12-31,FALSE
w_c25911996348,p_7de6e517a35b,c_244ade8326f8,Lead Engineer,2018-01-01,,TRUE
w_f39b12f9f596,p_e36aa2ca492a,c_cb2a5c699f56,Research Analyst,2018-01-01,2021-12-31,FALSE
w_1873f92e392e,p_e36aa2ca492a,c_244ade8326f8,Product Manager,2021-01-01,,TRUE
w_2d5f2cd18741,p_de2230dc6d48,c_e9f5bb47f7e1,Analyst,2013-01-01,2015-12-31,FALSE
w_a0a4d1f76703,p_de2230dc6d48,c_c595afccae6e,Product Manager,2015-01-01,2016-12-31,FALSE
w_3fc87150b860,p_de2230dc6d48,c_5e6dc1b9a4ab,Product Manager,2016-01-01,2018-12-31,FALSE
w_4de6f450c2d3,p_de2230dc6d48,c_6957f9536724,Product Manager,2018-01-01,,TRUE
w_721c559122c4,p_a1abdf0434d4,c_d2fbafc88386,Associate,2015-01-01,2017-12-31,FALSE
w_a72171a74be4,p_a1abdf0434d4,c_cb2a5c699f56,Manager,2017-01-01,2019-12-31,FALSE
w_f8b5c1000d78,p_a1abdf0434d4,c_bd2d70c6d50a,Lead Engineer,2019-01-01,2021-12-31,FALSE
w_ba38c61aa538,p_a1abdf0434d4,c_f9aa71046653,Founder,2021-01-01,,TRUE
w_34f1e7c00612,p_d0252b23e52b,c_f77f317ca7a9,Research Analyst,2016-01-01,2017-12-31,FALSE
w_2805b770fcd1,p_d0252b23e52b,c_cb2a5c699f56,Product Manager,2017-01-01,2020-12-31,FALSE
w_7895b6ff98e0,p_d0252b23e52b,c_e743abc65ee9,Principal,2020-01-01,,TRUE
w_9501a1d13d54,p_db19a6b0ce2a,c_e743abc65ee9,Senior Associate,2013-01-01,2015-12-31,FALSE
w_abd23f68adad,p_db19a6b0ce2a,c_a740bbf70e93,Principal,2015-01-01,2018-12-31,FALSE
w_b11d59479a6a,p_db19a6b0ce2a,c_e14064fabe78,Lead Engineer,2018-01-01,,TRUE
w_694f17ae71c1,p_373cc19eea53,c_cea873f11936,Manager,2015-01-01,2016-12-31,FALSE
w_06bd07fd67ed,p_373cc19eea53,c_e743abc65ee9,Director,2016-01-01,2017-12-31,FALSE
w_d04b3584a2a0,p_373cc19eea53,c_a740bbf70e93,Lead Engineer,2017-01-01,2020-12-31,FALSE
w_4789145e95f0,p_373cc19eea53,c_74d09b684972,Director,2020-01-01,,TRUE
w_645e6e31f8f3,p_c6d58880767e,c_f9aa71046653,Research Analyst,2013-01-01,2014-12-31,FALSE
w_b2c484d36146,p_c6d58880767e,c_56fd7bd6af2e,Product Manager,2014-01-01,2017-12-31,FALSE
w_fc1ae356db97,p_c6d58880767e,c_bd2d70c6d50a,Lead Engineer,2017-01-01,2018-12-31,FALSE
w_2f4a5153022e,p_c6d58880767e,c_74d09b684972,Principal,2018-01-01,,TRUE
w_e4fad7c9940f,p_c8f2623d54ff,c_e743abc65ee9,Research Analyst,2016-01-01,2017-12-31,FALSE
w_52fc2e96da0d,p_c8f2623d54ff,c_d2fbafc88386,Senior Associate,2017-01-01,2018-12-31,FALSE
w_ab13e94e9b9f,p_c8f2623d54ff,c_f77f317ca7a9,Director,2018-01-01,2021-12-31,FALSE
w_57c188abe2f1,p_c8f2623d54ff,c_f9aa71046653,Partner,2021-01-01,,TRUE
w_278553a2aa65,p_596dab83a501,c_bd2d70c6d50a,Analyst,2013-01-01,2016-12-31,FALSE
w_891ee0f4759f,p_596dab83a501,c_cb2a5c699f56,Senior Associate,2016-01-01,,TRUE
w_8031e73251b7,p_427744410a26,c_a740bbf70e93,Analyst,2021-01-01,2022-12-31,FALSE
w_d3b40cc68d38,p_427744410a26,c_6957f9536724,Senior Associate,2022-01-01,,TRUE
w_d82524e0df10,p_1f53b88c20b1,c_6bba88fd644d,Associate,2010-01-01,2013-12-31,FALSE
w_430b79248c93,p_1f53b88c20b1,c_3b7dc60613a7,Product Manager,2013-01-01,2014-12-31,FALSE
w_844720af1279,p_1f53b88c20b1,c_197c575ec7c7,Director,2014-01-01,,TRUE
w_46ff69c69285,p_9116e0c1672f,c_74d09b684972,Associate,2021-01-01,2024-12-31,FALSE
w_219185606deb,p_9116e0c1672f,c_6bba88fd644d,Product Manager,2024-01-01,,TRUE
w_f05feafb9418,p_5ae1d82fdeba,c_6bba88fd644d,Manager,2010-01-01,2011-12-31,FALSE
w_6f7b82397c7b,p_5ae1d82fdeba,c_d2fbafc88386,Lead Engineer,2011-01-01,2014-12-31,FALSE
w_19c858808092,p_5ae1d82fdeba,c_cea873f11936,Principal,2014-01-01,,TRUE
w_ca23355f630f,p_cdb02f2774e3,c_74d09b684972,Associate,2012-01-01,2015-12-31,FALSE
w_171a57d38e6b,p_cdb02f2774e3,c_5e6dc1b9a4ab,Product Manager,2015-01-01,2018-12-31,FALSE
w_3d77578b1402,p_cdb02f2774e3,c_197c575ec7c7,Lead Engineer,2018-01-01,2019-12-31,FALSE
w_65f908cb6ddb,p_cdb02f2774e3,c_f423185de90a,CTO,2019-01-01,,TRUE
w_68aa0f4f1f23,p_ac7c0c31d21d,c_244ade8326f8,Product Manager,2014-01-01,2016-12-31,FALSE
w_d432e5f75fcb,p_ac7c0c31d21d,c_197c575ec7c7,Principal,2016-01-01,2018-12-31,FALSE
w_ad19f8ac27a9,p_ac7c0c31d21d,c_cea873f11936,Partner,2018-01-01,2019-12-31,FALSE
w_c7cc4402372d,p_ac7c0c31d21d,c_e14064fabe78,CTO,2019-01-01,,TRUE
w_dd95ad3d79bf,p_c77554d6ee9d,c_c595afccae6e,Associate,2014-01-01,2015-12-31,FALSE
w_321d7aab4444,p_c77554d6ee9d,c_244ade8326f8,Manager,2015-01-01,,TRUE
w_09c0fce365e4,p_8196d1a56a17,c_cea873f11936,Research Analyst,2015-01-01,2017-12-31,FALSE
w_95b031da6106,p_8196d1a56a17,c_197c575ec7c7,Product Manager,2017-01-01,2018-12-31,FALSE
w_cfaf8d8e0e4a,p_8196d1a56a17,c_56fd7bd6af2e,Senior Associate,2018-01-01,,TRUE
w_c7b2c421be75,p_592ebff3bf67,c_244ade8326f8,Associate,2018-01-01,2019-12-31,FALSE
w_1d303c153011,p_592ebff3bf67,c_f77f317ca7a9,Manager,2019-01-01,2022-12-31,FALSE
w_617088a26fc9,p_592ebff3bf67,c_d2fbafc88386,Lead Engineer,2022-01-01,,TRUE
w_ef042b8402c2,p_a5e98dc110d6,c_d2fbafc88386,Analyst,2012-01-01,2015-12-31,FALSE
w_c14eee700f27,p_a5e98dc110d6,c_cb2a5c699f56,Senior Associate,2015-01-01,2017-12-31,FALSE
w_34e0a725cc76,p_a5e98dc110d6,c_3b7dc60613a7,Principal,2017-01-01,2018-12-31,FALSE
w_dd4fc1f0681c,p_a5e98dc110d6,c_aaa9af50a73f,Founder,2018-01-01,,TRUE
w_c4f232c32950,p_6e7399632d48,c_1bd653f78931,Manager,2014-01-01,2015-12-31,FALSE
w_ce15e9add29e,p_6e7399632d48,c_e9f5bb47f7e1,Principal,2015-01-01,2018-12-31,FALSE
w_29857576bb3f,p_6e7399632d48,c_56fd7bd6af2e,Director,2018-01-01,,TRUE
w_1b79546f78d0,p_7d8750b1bdb1,c_aaa9af50a73f,Product Manager,2015-01-01,2017-12-31,FALSE
w_52ae475fa758,p_7d8750b1bdb1,c_d2fbafc88386,Director,2017-01-01,2019-12-31,FALSE
w_8b5ca1d9b122,p_7d8750b1bdb1,c_e3c54c6dc1e4,Founder,2019-01-01,,TRUE
w_248cd774a530,p_c89f04b38118,c_9ee1037a4e0c,Senior Associate,2014-01-01,2017-12-31,FALSE
w_f086d82ea474,p_c89f04b38118,c_f423185de90a,Principal,2017-01-01,2020-12-31,FALSE
w_7d53edee1d66,p_c89f04b38118,c_e3c54c6dc1e4,Principal,2020-01-01,,TRUE
w_390583f337a2,p_a6c99b0760cc,c_89c63acce964,Manager,2012-01-01,2015-12-31,FALSE
w_97eee08cef26,p_a6c99b0760cc,c_e9f5bb47f7e1,Principal,2015-01-01,2018-12-31,FALSE
w_f86bcc57472a,p_a6c99b0760cc,c_56fd7bd6af2e,Lead Engineer,2018-01-01,2019-12-31,FALSE
w_ec58bdc5054c,p_a6c99b0760cc,c_d2fbafc88386,Principal,2019-01-01,,TRUE
w_42a186da70c2,p_3d73383bca79,c_56fd7bd6af2e,Associate,2012-01-01,2015-12-31,FALSE
w_3409e7fb7032,p_3d73383bca79,c_1bd653f78931,Product Manager,2015-01-01,2017-12-31,FALSE
w_a1a7715bd1a5,p_3d73383bca79,c_3b7dc60613a7,Product Manager,2017-01-01,,TRUE
w_bb8cbc56cc75,p_bdb5a246bc76,c_cea873f11936,Research Analyst,2011-01-01,2012-12-31,FALSE
w_f6ea4d12b989,p_bdb5a246bc76,c_a740bbf70e93,Product Manager,2012-01-01,2013-12-31,FALSE
w_cdc43cb1fea5,p_bdb5a246bc76,c_1bd653f78931,Lead Engineer,2013-01-01,2016-12-31,FALSE
w_86094b9f66fb,p_bdb5a246bc76,c_74d09b684972,Founder,2016-01-01,,TRUE
w_b3e9171ca660,p_3e1681c990d8,c_c595afccae6e,Product Manager,2011-01-01,2013-12-31,FALSE
w_9bf096f4d49d,p_3e1681c990d8,c_f9aa71046653,Lead Engineer,2013-01-01,,TRUE
w_cb6753100815,p_b22ad568527f,c_aaa9af50a73f,Manager,2016-01-01,2018-12-31,FALSE
w_3f39ceaa2606,p_b22ad568527f,c_bd2d70c6d50a,Principal,2018-01-01,2021-12-31,FALSE
w_6381865a2be2,p_b22ad568527f,c_f77f317ca7a9,Founder,2021-01-01,,TRUE
w_cc01685bef75,p_01e6c92b028f,c_3b7dc60613a7,Product Manager,2014-01-01,2016-12-31,FALSE
w_46ece0b8138b,p_01e6c92b028f,c_bd2d70c6d50a,Lead Engineer,2016-01-01,2018-12-31,FALSE
w_2d90b1f0a394,p_01e6c92b028f,c_5e6dc1b9a4ab,Founder,2018-01-01,,TRUE
w_73af3880d189,p_72b5933a70d9,c_a740bbf70e93,Analyst,2021-01-01,2022-12-31,FALSE
w_a53d3003f291,p_72b5933a70d9,c_5e6dc1b9a4ab,Product Manager,2022-01-01,,TRUE
w_8bfa8e569850,p_29ee5c0a97dc,c_244ade8326f8,Associate,2012-01-01,2014-12-31,FALSE
w_5a5f8b0821b2,p_29ee5c0a97dc,c_a740bbf70e93,Manager,2014-01-01,2017-12-31,FALSE
w_c85f03d4a544,p_29ee5c0a97dc,c_cea873f11936,Lead Engineer,2017-01-01,2019-12-31,FALSE
w_9acbe56b6ebd,p_29ee5c0a97dc,c_e14064fabe78,Lead Engineer,2019-01-01,,TRUE
w_4dd4145ed4ab,p_4fb07bf709f9,c_cb2a5c699f56,Research Analyst,2016-01-01,2017-12-31,FALSE
w_d399eab13a22,p_4fb07bf709f9,c_6957f9536724,Manager,2017-01-01,2020-12-31,FALSE
w_7e595e9300e0,p_4fb07bf709f9,c_89c63acce964,Lead Engineer,2020-01-01,,TRUE
w_d8d926afee76,p_c3ade5de4485,c_f9aa71046653,Product Manager,2017-01-01,2018-12-31,FALSE
w_0e232f03e665,p_c3ade5de4485,c_a740bbf70e93,Principal,2018-01-01,,TRUE
